mac_id,match_date_iso,referee_name,home_team,away_team,score,organization,risk_score_0_100
249156,2023-08-12,HALİL UMUT MELER,ZECORNER KAYSERİSPOR,GALATASARAY A.Ş.,0-0,Trendyol Süper Lig,52.21
249157,2023-08-12,ÇAĞDAŞ ALTAY,ATKO GRUP PENDİKSPOR FUTBOL A.Ş.,ATAKAŞ HATAYSPOR,1-5,Trendyol Süper Lig,43.38
249162,2023-08-11,ZORBAY KÜÇÜK,TRABZONSPOR A.Ş.,HESAP.COM ANTALYASPOR,1-0,Trendyol Süper Lig,48.17
249165,2023-08-12,BURAK PAKKAN,TÜMOSAN KONYASPOR,İSTANBULSPOR A.Ş.,1-1,Trendyol Süper Lig,61.47
249168,2023-08-19,ATİLLA KARAOĞLAN,GALATASARAY A.Ş.,TRABZONSPOR A.Ş.,2-0,Trendyol Süper Lig,59.48
249179,2023-08-27,DİRENÇ TONUSLUOĞLU,CORENDON ALANYASPOR,ATAKAŞ HATAYSPOR,0-0,Trendyol Süper Lig,46.03
249181,2023-08-27,TURGUT DOMAN,MISIRLI.COM.TR FATİH KARAGÜMRÜK,MKE ANKARAGÜCÜ,1-1,Trendyol Süper Lig,40.16
249183,2023-09-28,ZORBAY KÜÇÜK,FENERBAHÇE A.Ş.,RAMS BAŞAKŞEHİR FUTBOL KULÜBÜ,4-0,Trendyol Süper Lig,49.96
249190,2023-09-02,ALİ ŞANSALAN,GAZİANTEP FUTBOL KULÜBÜ A.Ş.,GALATASARAY A.Ş.,0-3,Trendyol Süper Lig,48.49
249192,2023-09-02,YASİN KOL,HESAP.COM ANTALYASPOR,ZECORNER KAYSERİSPOR,1-1,Trendyol Süper Lig,60.02
249197,2023-09-17,DİRENÇ TONUSLUOĞLU,İSTANBULSPOR A.Ş.,RAMS BAŞAKŞEHİR FUTBOL KULÜBÜ,0-2,Trendyol Süper Lig,49.62
249199,2023-09-17,TURGUT DOMAN,CORENDON ALANYASPOR,KASIMPAŞA A.Ş.,3-3,Trendyol Süper Lig,39.34
249203,2023-09-17,HALİL UMUT MELER,FENERBAHÇE A.Ş.,HESAP.COM ANTALYASPOR,3-2,Trendyol Süper Lig,49.83
249208,2023-09-24,YASİN KOL,KASIMPAŞA A.Ş.,ADANA DEMİRSPOR A.Ş.,2-1,Trendyol Süper Lig,62.84
249211,2023-09-23,KADİR SAĞLAM,RAMS BAŞAKŞEHİR FUTBOL KULÜBÜ,GALATASARAY A.Ş.,1-2,Trendyol Süper Lig,56.38
249215,2023-09-23,BURAK PAKKAN,ÇAYKUR RİZESPOR A.Ş.,ÖZBELSAN SİVASSPOR,1-1,Trendyol Süper Lig,56.11
249220,2023-10-01,ALİ ŞANSALAN,ADANA DEMİRSPOR A.Ş.,CORENDON ALANYASPOR,4-0,Trendyol Süper Lig,47.3
249221,2023-10-01,ATİLLA KARAOĞLAN,MISIRLI.COM.TR FATİH KARAGÜMRÜK,KASIMPAŞA A.Ş.,2-3,Trendyol Süper Lig,61.32
249223,2023-10-01,CİHAN AYDIN,FENERBAHÇE A.Ş.,ÇAYKUR RİZESPOR A.Ş.,5-0,Trendyol Süper Lig,40.74
249226,2023-10-08,ÜMİT ÖZTÜRK,ATAKAŞ HATAYSPOR,TÜMOSAN KONYASPOR,3-1,Trendyol Süper Lig,45.7
249232,2023-10-07,ZORBAY KÜÇÜK,HESAP.COM ANTALYASPOR,GALATASARAY A.Ş.,0-2,Trendyol Süper Lig,48.43
249238,2023-10-21,HALİL UMUT MELER,GALATASARAY A.Ş.,BEŞİKTAŞ A.Ş.,2-1,Trendyol Süper Lig,50.55
249255,2023-10-28,KADİR SAĞLAM,ÇAYKUR RİZESPOR A.Ş.,GALATASARAY A.Ş.,0-1,Trendyol Süper Lig,57.51
249260,2023-11-06,ALİ ŞANSALAN,GAZİANTEP FUTBOL KULÜBÜ A.Ş.,ÇAYKUR RİZESPOR A.Ş.,2-0,Trendyol Süper Lig,49.5
249263,2023-11-04,ZORBAY KÜÇÜK,FENERBAHÇE A.Ş.,TRABZONSPOR A.Ş.,2-3,Trendyol Süper Lig,49.83
249267,2023-11-12,BURAK PAKKAN,ATKO GRUP PENDİKSPOR FUTBOL A.Ş.,SAMSUNSPOR A.Ş.,1-0,Trendyol Süper Lig,55.0
249268,2023-11-11,ÇAĞDAŞ ALTAY,KASIMPAŞA A.Ş.,ZECORNER KAYSERİSPOR,3-4,Trendyol Süper Lig,43.41
249270,2023-11-12,HALİL UMUT MELER,ADANA DEMİRSPOR A.Ş.,FENERBAHÇE A.Ş.,0-0,Trendyol Süper Lig,53.39
249274,2023-11-10,DİRENÇ TONUSLUOĞLU,MKE ANKARAGÜCÜ,HESAP.COM ANTALYASPOR,0-4,Trendyol Süper Lig,45.79
249280,2023-11-25,ÜMİT ÖZTÜRK,GAZİANTEP FUTBOL KULÜBÜ A.Ş.,MKE ANKARAGÜCÜ,0-1,Trendyol Süper Lig,50.09
249281,2023-11-27,CİHAN AYDIN,RAMS BAŞAKŞEHİR FUTBOL KULÜBÜ,ATKO GRUP PENDİKSPOR FUTBOL A.Ş.,4-1,Trendyol Süper Lig,41.01
249282,2023-11-26,TURGUT DOMAN,HESAP.COM ANTALYASPOR,ÇAYKUR RİZESPOR A.Ş.,0-0,Trendyol Süper Lig,37.06
249286,2023-12-01,YİĞİT ARSLAN,ATAKAŞ HATAYSPOR,HESAP.COM ANTALYASPOR,3-3,Trendyol Süper Lig,54.53
249289,2023-12-02,BURAK PAKKAN,CORENDON ALANYASPOR,TÜMOSAN KONYASPOR,2-2,Trendyol Süper Lig,56.24
249291,2023-12-01,KADİR SAĞLAM,MISIRLI.COM.TR FATİH KARAGÜMRÜK,İSTANBULSPOR A.Ş.,3-0,Trendyol Süper Lig,62.75
249296,2023-12-10,TURGUT DOMAN,ZECORNER KAYSERİSPOR,ATKO GRUP PENDİKSPOR FUTBOL A.Ş.,2-0,Trendyol Süper Lig,41.32
249297,2023-12-10,CİHAN AYDIN,İSTANBULSPOR A.Ş.,CORENDON ALANYASPOR,0-1,Trendyol Süper Lig,46.03
249299,2023-12-09,ZORBAY KÜÇÜK,SAMSUNSPOR A.Ş.,KASIMPAŞA A.Ş.,4-2,Trendyol Süper Lig,50.25
249304,2023-12-11,HALİL UMUT MELER,MKE ANKARAGÜCÜ,ÇAYKUR RİZESPOR A.Ş.,1-1,Trendyol Süper Lig,54.08
249308,2024-01-09,BURAK PAKKAN,KASIMPAŞA A.Ş.,RAMS BAŞAKŞEHİR FUTBOL KULÜBÜ,0-3,Trendyol Süper Lig,54.77
249309,2024-01-09,DİRENÇ TONUSLUOĞLU,CORENDON ALANYASPOR,MKE ANKARAGÜCÜ,1-1,Trendyol Süper Lig,47.61
249313,2024-01-10,KADİR SAĞLAM,FENERBAHÇE A.Ş.,TÜMOSAN KONYASPOR,7-1,Trendyol Süper Lig,59.17
249317,2023-12-19,ALİ ŞANSALAN,İSTANBULSPOR A.Ş.,TRABZONSPOR A.Ş.,0-3,Trendyol Süper Lig,49.63
249323,2023-12-21,ÜMİT ÖZTÜRK,BEŞİKTAŞ A.Ş.,CORENDON ALANYASPOR,1-3,Trendyol Süper Lig,43.72
249326,2023-12-25,KADİR SAĞLAM,ATAKAŞ HATAYSPOR,BEŞİKTAŞ A.Ş.,1-2,Trendyol Süper Lig,58.57
249328,2023-12-25,TURGUT DOMAN,KASIMPAŞA A.Ş.,ÇAYKUR RİZESPOR A.Ş.,2-2,Trendyol Süper Lig,39.44
249336,2024-01-07,ALPER AKARSU,ZECORNER KAYSERİSPOR,ÖZBELSAN SİVASSPOR,1-3,Trendyol Süper Lig,45.88
249338,2024-01-07,ALİ ŞANSALAN,GALATASARAY A.Ş.,TÜMOSAN KONYASPOR,3-0,Trendyol Süper Lig,45.67
249340,2024-01-05,ÇAĞDAŞ ALTAY,GAZİANTEP FUTBOL KULÜBÜ A.Ş.,ATKO GRUP PENDİKSPOR FUTBOL A.Ş.,2-2,Trendyol Süper Lig,46.61
249345,2024-01-06,CİHAN AYDIN,ÇAYKUR RİZESPOR A.Ş.,ATAKAŞ HATAYSPOR,2-0,Trendyol Süper Lig,41.51
249357,2024-01-22,CİHAN AYDIN,ZECORNER KAYSERİSPOR,İSTANBULSPOR A.Ş.,0-1,Trendyol Süper Lig,47.33
249360,2024-01-21,KADİR SAĞLAM,ÖZBELSAN SİVASSPOR,GAZİANTEP FUTBOL KULÜBÜ A.Ş.,2-2,Trendyol Süper Lig,62.94
249361,2024-01-20,ÜMİT ÖZTÜRK,MISIRLI.COM.TR FATİH KARAGÜMRÜK,RAMS BAŞAKŞEHİR FUTBOL KULÜBÜ,1-1,Trendyol Süper Lig,42.25
249362,2024-01-21,ZORBAY KÜÇÜK,TÜMOSAN KONYASPOR,HESAP.COM ANTALYASPOR,1-1,Trendyol Süper Lig,50.35
249365,2024-01-20,ALİ ŞANSALAN,CORENDON ALANYASPOR,ÇAYKUR RİZESPOR A.Ş.,2-1,Trendyol Süper Lig,45.66
249370,2024-01-23,ATİLLA KARAOĞLAN,BEŞİKTAŞ A.Ş.,ADANA DEMİRSPOR A.Ş.,0-0,Trendyol Süper Lig,62.93
249371,2024-01-24,MUHAMMET ALİ METOĞLU,MKE ANKARAGÜCÜ,MISIRLI.COM.TR FATİH KARAGÜMRÜK,2-0,Trendyol Süper Lig,56.88
249374,2024-01-24,TURGUT DOMAN,HESAP.COM ANTALYASPOR,ÖZBELSAN SİVASSPOR,2-1,Trendyol Süper Lig,37.74
249379,2024-01-29,ÖMER FARUK TURTAY,İSTANBULSPOR A.Ş.,SAMSUNSPOR A.Ş.,1-1,Trendyol Süper Lig,52.54
249382,2024-01-29,DİRENÇ TONUSLUOĞLU,ZECORNER KAYSERİSPOR,HESAP.COM ANTALYASPOR,1-1,Trendyol Süper Lig,44.92
249395,2024-02-03,CİHAN AYDIN,ÇAYKUR RİZESPOR A.Ş.,TÜMOSAN KONYASPOR,0-0,Trendyol Süper Lig,41.92
249396,2024-02-12,ALİ ŞANSALAN,TRABZONSPOR A.Ş.,ATAKAŞ HATAYSPOR,2-0,Trendyol Süper Lig,45.0
249397,2024-02-10,ZORBAY KÜÇÜK,MISIRLI.COM.TR FATİH KARAGÜMRÜK,ATKO GRUP PENDİKSPOR FUTBOL A.Ş.,2-0,Trendyol Süper Lig,51.6
249398,2024-02-09,BURAK PAKKAN,ADANA DEMİRSPOR A.Ş.,KASIMPAŞA A.Ş.,1-3,Trendyol Süper Lig,57.54
249401,2024-02-10,CİHAN AYDIN,GALATASARAY A.Ş.,RAMS BAŞAKŞEHİR FUTBOL KULÜBÜ,2-0,Trendyol Süper Lig,38.87
249402,2024-02-12,ATİLLA KARAOĞLAN,SAMSUNSPOR A.Ş.,HESAP.COM ANTALYASPOR,2-0,Trendyol Süper Lig,58.26
249404,2024-02-11,DİRENÇ TONUSLUOĞLU,TÜMOSAN KONYASPOR,MKE ANKARAGÜCÜ,1-0,Trendyol Süper Lig,48.62
249406,2024-02-19,OĞUZHAN ÇAKIR,RAMS BAŞAKŞEHİR FUTBOL KULÜBÜ,ZECORNER KAYSERİSPOR,2-3,Trendyol Süper Lig,44.5
249411,2024-02-16,KADİR SAĞLAM,KASIMPAŞA A.Ş.,MISIRLI.COM.TR FATİH KARAGÜMRÜK,1-1,Trendyol Süper Lig,58.1
249412,2024-02-18,HALİL UMUT MELER,ATKO GRUP PENDİKSPOR FUTBOL A.Ş.,TRABZONSPOR A.Ş.,0-2,Trendyol Süper Lig,51.89
249414,2024-02-17,ÜMİT ÖZTÜRK,ATAKAŞ HATAYSPOR,ÖZBELSAN SİVASSPOR,1-1,Trendyol Süper Lig,45.46
249416,2024-02-24,ZORBAY KÜÇÜK,TÜMOSAN KONYASPOR,ATAKAŞ HATAYSPOR,2-0,Trendyol Süper Lig,52.77
249417,2024-02-25,BURAK PAKKAN,ÖZBELSAN SİVASSPOR,ATKO GRUP PENDİKSPOR FUTBOL A.Ş.,4-1,Trendyol Süper Lig,57.25
249418,2024-02-24,CİHAN AYDIN,FENERBAHÇE A.Ş.,KASIMPAŞA A.Ş.,2-1,Trendyol Süper Lig,41.22
249421,2024-02-24,ALİ ŞANSALAN,GAZİANTEP FUTBOL KULÜBÜ A.Ş.,RAMS BAŞAKŞEHİR FUTBOL KULÜBÜ,0-2,Trendyol Süper Lig,48.37
249427,2024-03-02,MUHAMMET ALİ METOĞLU,MKE ANKARAGÜCÜ,İSTANBULSPOR A.Ş.,1-1,Trendyol Süper Lig,62.89
249429,2024-03-03,ABDULLAH BUĞRA TAŞKINSOY,RAMS BAŞAKŞEHİR FUTBOL KULÜBÜ,SAMSUNSPOR A.Ş.,1-0,Trendyol Süper Lig,46.28
249433,2024-03-02,ATİLLA KARAOĞLAN,ATAKAŞ HATAYSPOR,FENERBAHÇE A.Ş.,0-2,Trendyol Süper Lig,61.99
249436,2024-03-10,HALİL UMUT MELER,ZECORNER KAYSERİSPOR,ATAKAŞ HATAYSPOR,1-1,Trendyol Süper Lig,53.71
249437,2024-03-10,KADİR SAĞLAM,FENERBAHÇE A.Ş.,ATKO GRUP PENDİKSPOR FUTBOL A.Ş.,4-1,Trendyol Süper Lig,59.4
249439,2024-03-09,ALİ ŞANSALAN,ÖZBELSAN SİVASSPOR,CORENDON ALANYASPOR,1-2,Trendyol Süper Lig,46.35
249444,2024-03-10,ÜMİT ÖZTÜRK,SAMSUNSPOR A.Ş.,MKE ANKARAGÜCÜ,2-1,Trendyol Süper Lig,44.78
249447,2024-03-15,OĞUZHAN ÇAKIR,ATKO GRUP PENDİKSPOR FUTBOL A.Ş.,İSTANBULSPOR A.Ş.,1-0,Trendyol Süper Lig,50.7
249462,2024-04-03,ATİLLA KARAOĞLAN,TÜMOSAN KONYASPOR,TRABZONSPOR A.Ş.,1-3,Trendyol Süper Lig,61.4
249464,2024-04-02,ÇAĞDAŞ ALTAY,HESAP.COM ANTALYASPOR,MKE ANKARAGÜCÜ,1-1,Trendyol Süper Lig,41.89
249468,2024-04-15,CİHAN AYDIN,CORENDON ALANYASPOR,GALATASARAY A.Ş.,0-4,Trendyol Süper Lig,39.9
249471,2024-04-14,HALİL UMUT MELER,ATKO GRUP PENDİKSPOR FUTBOL A.Ş.,RAMS BAŞAKŞEHİR FUTBOL KULÜBÜ,2-3,Trendyol Süper Lig,52.02
249475,2024-04-13,ZORBAY KÜÇÜK,KASIMPAŞA A.Ş.,TÜMOSAN KONYASPOR,0-2,Trendyol Süper Lig,52.74
249477,2024-04-21,DİRENÇ TONUSLUOĞLU,GALATASARAY A.Ş.,ATKO GRUP PENDİKSPOR FUTBOL A.Ş.,4-1,Trendyol Süper Lig,45.77
249479,2024-04-20,OĞUZHAN ÇAKIR,TÜMOSAN KONYASPOR,CORENDON ALANYASPOR,0-2,Trendyol Süper Lig,45.24
249491,2024-04-27,ATİLLA KARAOĞLAN,ATAKAŞ HATAYSPOR,RAMS BAŞAKŞEHİR FUTBOL KULÜBÜ,1-2,Trendyol Süper Lig,61.12
249492,2024-04-29,KADİR SAĞLAM,MISIRLI.COM.TR FATİH KARAGÜMRÜK,HESAP.COM ANTALYASPOR,4-1,Trendyol Süper Lig,55.71
249494,2024-04-28,TURGUT DOMAN,ÇAYKUR RİZESPOR A.Ş.,MKE ANKARAGÜCÜ,2-2,Trendyol Süper Lig,41.05
249496,2024-05-05,HALİL UMUT MELER,GAZİANTEP FUTBOL KULÜBÜ A.Ş.,ATAKAŞ HATAYSPOR,1-1,Trendyol Süper Lig,56.24
249506,2024-05-12,DİRENÇ TONUSLUOĞLU,FENERBAHÇE A.Ş.,ZECORNER KAYSERİSPOR,3-0,Trendyol Süper Lig,46.58
249509,2024-05-12,KADİR SAĞLAM,TÜMOSAN KONYASPOR,SAMSUNSPOR A.Ş.,3-0,Trendyol Süper Lig,57.86
249512,2024-05-12,OĞUZHAN ÇAKIR,KASIMPAŞA A.Ş.,HESAP.COM ANTALYASPOR,3-1,Trendyol Süper Lig,42.98
249514,2024-05-12,ALİ ŞANSALAN,ATAKAŞ HATAYSPOR,MKE ANKARAGÜCÜ,2-1,Trendyol Süper Lig,48.34
249515,2024-05-12,ATİLLA KARAOĞLAN,ATKO GRUP PENDİKSPOR FUTBOL A.Ş.,ÇAYKUR RİZESPOR A.Ş.,2-1,Trendyol Süper Lig,62.89
249516,2024-05-18,CİHAN AYDIN,BEŞİKTAŞ A.Ş.,ATAKAŞ HATAYSPOR,2-2,Trendyol Süper Lig,41.06
249520,2024-05-17,TURGUT DOMAN,HESAP.COM ANTALYASPOR,ADANA DEMİRSPOR A.Ş.,2-1,Trendyol Süper Lig,38.7
249521,2024-05-18,ZORBAY KÜÇÜK,GAZİANTEP FUTBOL KULÜBÜ A.Ş.,MISIRLI.COM.TR FATİH KARAGÜMRÜK,3-1,Trendyol Süper Lig,54.19
249524,2024-05-17,ÖMER FARUK TURTAY,İSTANBULSPOR A.Ş.,ÖZBELSAN SİVASSPOR,1-3,Trendyol Süper Lig,54.79
249529,2024-05-25,MEHMET TÜRKMEN,MISIRLI.COM.TR FATİH KARAGÜMRÜK,SAMSUNSPOR A.Ş.,3-1,Trendyol Süper Lig,37.0
249530,2024-05-26,DİRENÇ TONUSLUOĞLU,ATKO GRUP PENDİKSPOR FUTBOL A.Ş.,GAZİANTEP FUTBOL KULÜBÜ A.Ş.,0-1,Trendyol Süper Lig,50.51
249532,2024-05-24,HALİL UMUT MELER,CORENDON ALANYASPOR,HESAP.COM ANTALYASPOR,1-1,Trendyol Süper Lig,49.99
249534,2024-05-26,ATİLLA KARAOĞLAN,TRABZONSPOR A.Ş.,MKE ANKARAGÜCÜ,4-2,Trendyol Süper Lig,62.56
263996,2024-08-10,ATİLLA KARAOĞLAN,FENERBAHÇE A.Ş.,ADANA DEMİRSPOR A.Ş.,1-0,Trendyol Süper Lig Şamil Ekinci Sezonu,63.13
263998,2024-08-10,MUHAMMET ALİ METOĞLU,KASIMPAŞA A.Ş.,TÜMOSAN KONYASPOR,2-3,Trendyol Süper Lig Şamil Ekinci Sezonu,57.08
263999,2024-08-09,TURGUT DOMAN,GALATASARAY A.Ş.,ATAKAŞ HATAYSPOR,2-1,Trendyol Süper Lig Şamil Ekinci Sezonu,38.47
264001,2024-08-10,ZORBAY KÜÇÜK,HESAP.COM ANTALYASPOR,GÖZTEPE A.Ş.,0-0,Trendyol Süper Lig Şamil Ekinci Sezonu,48.28
264002,2024-08-11,ALİ ŞANSALAN,SAMSUNSPOR A.Ş.,BEŞİKTAŞ A.Ş.,0-2,Trendyol Süper Lig Şamil Ekinci Sezonu,43.74
264003,2024-08-12,MEHMET TÜRKMEN,SİPAY BODRUM FK,GAZİANTEP FUTBOL KULÜBÜ A.Ş.,0-1,Trendyol Süper Lig Şamil Ekinci Sezonu,41.41
264004,2024-08-17,CİHAN AYDIN,ADANA DEMİRSPOR A.Ş.,ÇAYKUR RİZESPOR A.Ş.,1-2,Trendyol Süper Lig Şamil Ekinci Sezonu,42.64
264005,2024-08-19,OĞUZHAN ÇAKIR,ATAKAŞ HATAYSPOR,KASIMPAŞA A.Ş.,1-1,Trendyol Süper Lig Şamil Ekinci Sezonu,45.4
264007,2024-08-19,HALİL UMUT MELER,İKAS EYÜPSPOR,SİPAY BODRUM FK,4-1,Trendyol Süper Lig Şamil Ekinci Sezonu,52.29
264009,2024-08-16,DİRENÇ TONUSLUOĞLU,TÜMOSAN KONYASPOR,GALATASARAY A.Ş.,1-2,Trendyol Süper Lig Şamil Ekinci Sezonu,45.54
264013,2024-08-24,ZORBAY KÜÇÜK,ÖZBELSAN SİVASSPOR,İKAS EYÜPSPOR,0-1,Trendyol Süper Lig Şamil Ekinci Sezonu,54.11
264015,2024-08-25,TURGUT DOMAN,ÇAYKUR RİZESPOR A.Ş.,FENERBAHÇE A.Ş.,0-5,Trendyol Süper Lig Şamil Ekinci Sezonu,38.71
264018,2024-08-23,MUHAMMET ALİ METOĞLU,CORENDON ALANYASPOR,GÖZTEPE A.Ş.,1-1,Trendyol Süper Lig Şamil Ekinci Sezonu,54.44
264019,2024-08-25,ATİLLA KARAOĞLAN,HESAP.COM ANTALYASPOR,ATAKAŞ HATAYSPOR,3-2,Trendyol Süper Lig Şamil Ekinci Sezonu,60.33
264021,2024-08-24,ÇAĞDAŞ ALTAY,SİPAY BODRUM FK,TÜMOSAN KONYASPOR,3-1,Trendyol Süper Lig Şamil Ekinci Sezonu,40.85
264022,2024-08-31,KADİR SAĞLAM,ADANA DEMİRSPOR A.Ş.,GALATASARAY A.Ş.,1-5,Trendyol Süper Lig Şamil Ekinci Sezonu,59.15
264023,2024-08-30,MEHMET TÜRKMEN,FENERBAHÇE A.Ş.,CORENDON ALANYASPOR,3-0,Trendyol Süper Lig Şamil Ekinci Sezonu,39.1
264024,2024-08-31,ALİ ŞANSALAN,ÇAYKUR RİZESPOR A.Ş.,KASIMPAŞA A.Ş.,0-1,Trendyol Süper Lig Şamil Ekinci Sezonu,46.23
264028,2024-09-01,CİHAN AYDIN,ATAKAŞ HATAYSPOR,SAMSUNSPOR A.Ş.,0-3,Trendyol Süper Lig Şamil Ekinci Sezonu (Profesyonel Takım),39.94
264029,2024-08-31,ABDULLAH BUĞRA TAŞKINSOY,GÖZTEPE A.Ş.,SİPAY BODRUM FK,2-0,Trendyol Süper Lig Şamil Ekinci Sezonu,46.04
264031,2024-09-14,MUHAMMET ALİ METOĞLU,ÖZBELSAN SİVASSPOR,GAZİANTEP FUTBOL KULÜBÜ A.Ş.,3-2,Trendyol Süper Lig Şamil Ekinci Sezonu,60.11
264033,2024-09-15,ÖMER TOLGA GÜLDİBİ,BELLONA KAYSERİSPOR,İKAS EYÜPSPOR,2-2,Trendyol Süper Lig Şamil Ekinci Sezonu (Profesyonel Takım),55.38
264034,2024-09-15,HALİL UMUT MELER,KASIMPAŞA A.Ş.,FENERBAHÇE A.Ş.,0-2,Trendyol Süper Lig Şamil Ekinci Sezonu,52.22
264037,2024-09-16,YASİN KOL,HESAP.COM ANTALYASPOR,ADANA DEMİRSPOR A.Ş.,2-1,Trendyol Süper Lig Şamil Ekinci Sezonu,60.45
264038,2024-09-14,OĞUZHAN ÇAKIR,SAMSUNSPOR A.Ş.,TÜMOSAN KONYASPOR,0-1,Trendyol Süper Lig Şamil Ekinci Sezonu,43.77
264041,2024-09-21,ATİLLA KARAOĞLAN,FENERBAHÇE A.Ş.,GALATASARAY A.Ş.,1-3,Trendyol Süper Lig Şamil Ekinci Sezonu,60.48
264043,2024-09-22,BURAK PAKKAN,KASIMPAŞA A.Ş.,HESAP.COM ANTALYASPOR,0-0,Trendyol Süper Lig Şamil Ekinci Sezonu,53.98
264044,2024-09-22,ZORBAY KÜÇÜK,BEŞİKTAŞ A.Ş.,İKAS EYÜPSPOR,2-1,Trendyol Süper Lig Şamil Ekinci Sezonu,52.97
264047,2024-09-23,OZAN ERGÜN,GÖZTEPE A.Ş.,ZECORNER KAYSERİSPOR,3-0,Trendyol Süper Lig Şamil Ekinci Sezonu,48.2
264048,2024-09-20,ÜMİT ÖZTÜRK,ATAKAŞ HATAYSPOR,SİPAY BODRUM FK,0-1,Trendyol Süper Lig Şamil Ekinci Sezonu,42.99
264054,2024-09-28,ABDULLAH BUĞRA TAŞKINSOY,CORENDON ALANYASPOR,ÇAYKUR RİZESPOR A.Ş.,1-0,Trendyol Süper Lig Şamil Ekinci Sezonu,48.88
264055,2024-09-29,CİHAN AYDIN,HESAP.COM ANTALYASPOR,FENERBAHÇE A.Ş.,0-2,Trendyol Süper Lig Şamil Ekinci Sezonu,38.83
264056,2024-09-28,MEHMET TÜRKMEN,SAMSUNSPOR A.Ş.,GÖZTEPE A.Ş.,4-3,Trendyol Süper Lig Şamil Ekinci Sezonu,36.74
264059,2024-10-05,KADİR SAĞLAM,ATAKAŞ HATAYSPOR,TRABZONSPOR A.Ş.,1-1,Trendyol Süper Lig Şamil Ekinci Sezonu,57.76
264060,2024-10-04,BURAK PAKKAN,ÇAYKUR RİZESPOR A.Ş.,HESAP.COM ANTALYASPOR,2-1,Trendyol Süper Lig Şamil Ekinci Sezonu,53.51
264067,2024-10-20,MEHMET TÜRKMEN,ÖZBELSAN SİVASSPOR,ATAKAŞ HATAYSPOR,3-2,Trendyol Süper Lig Şamil Ekinci Sezonu,40.65
264073,2024-10-19,ALİ ŞANSALAN,HESAP.COM ANTALYASPOR,GALATASARAY A.Ş.,0-3,Trendyol Süper Lig Şamil Ekinci Sezonu,42.84
264074,2024-10-20,MUHAMMET ALİ METOĞLU,SAMSUNSPOR A.Ş.,FENERBAHÇE A.Ş.,2-2,Trendyol Süper Lig Şamil Ekinci Sezonu,53.86
264076,2024-10-25,ATİLLA KARAOĞLAN,ADANA DEMİRSPOR A.Ş.,ÖZBELSAN SİVASSPOR,2-4,Trendyol Süper Lig Şamil Ekinci Sezonu,64.07
264078,2024-10-26,ZORBAY KÜÇÜK,ATAKAŞ HATAYSPOR,ZECORNER KAYSERİSPOR,0-1,Trendyol Süper Lig Şamil Ekinci Sezonu,53.06
264079,2024-10-26,ÇAĞDAŞ ALTAY,KASIMPAŞA A.Ş.,SAMSUNSPOR A.Ş.,1-4,Trendyol Süper Lig Şamil Ekinci Sezonu,40.63
264082,2024-10-27,BURAK PAKKAN,GAZİANTEP FUTBOL KULÜBÜ A.Ş.,TÜMOSAN KONYASPOR,3-1,Trendyol Süper Lig Şamil Ekinci Sezonu,60.08
264083,2024-10-26,CİHAN AYDIN,GÖZTEPE A.Ş.,TRABZONSPOR A.Ş.,2-1,Trendyol Süper Lig Şamil Ekinci Sezonu,38.59
264087,2024-11-02,MUHAMMET ALİ METOĞLU,ZECORNER KAYSERİSPOR,ADANA DEMİRSPOR A.Ş.,0-0,Trendyol Süper Lig Şamil Ekinci Sezonu,58.54
264088,2024-11-03,YASİN KOL,İKAS EYÜPSPOR,ATAKAŞ HATAYSPOR,2-0,Trendyol Süper Lig Şamil Ekinci Sezonu,63.31
264091,2024-11-01,KADİR SAĞLAM,GAZİANTEP FUTBOL KULÜBÜ A.Ş.,GÖZTEPE A.Ş.,2-1,Trendyol Süper Lig Şamil Ekinci Sezonu,61.1
264092,2024-11-04,DİRENÇ TONUSLUOĞLU,SAMSUNSPOR A.Ş.,HESAP.COM ANTALYASPOR,2-0,Trendyol Süper Lig Şamil Ekinci Sezonu,42.14
264093,2024-11-03,ALİ ŞANSALAN,SİPAY BODRUM FK,CORENDON ALANYASPOR,0-0,Trendyol Süper Lig Şamil Ekinci Sezonu,43.87
264096,2024-11-09,ZORBAY KÜÇÜK,ÇAYKUR RİZESPOR A.Ş.,TRABZONSPOR A.Ş.,3-1,Trendyol Süper Lig Şamil Ekinci Sezonu,50.09
264097,2024-11-08,MEHMET TÜRKMEN,KASIMPAŞA A.Ş.,ZECORNER KAYSERİSPOR,1-2,Trendyol Süper Lig Şamil Ekinci Sezonu,41.14
264099,2024-11-09,CİHAN AYDIN,ATAKAŞ HATAYSPOR,GAZİANTEP FUTBOL KULÜBÜ A.Ş.,3-1,Trendyol Süper Lig Şamil Ekinci Sezonu,45.24
264102,2024-11-10,TURGUT DOMAN,RAMS BAŞAKŞEHİR FUTBOL KULÜBÜ,BEŞİKTAŞ A.Ş.,0-0,Trendyol Süper Lig Şamil Ekinci Sezonu,37.39
264103,2024-11-24,BURAK PAKKAN,ÖZBELSAN SİVASSPOR,KASIMPAŞA A.Ş.,0-0,Trendyol Süper Lig Şamil Ekinci Sezonu,56.58
264105,2024-11-23,DİRENÇ TONUSLUOĞLU,ZECORNER KAYSERİSPOR,FENERBAHÇE A.Ş.,2-6,Trendyol Süper Lig Şamil Ekinci Sezonu,46.58
264107,2024-11-24,ALPER AKARSU,BEŞİKTAŞ A.Ş.,GÖZTEPE A.Ş.,2-4,Trendyol Süper Lig Şamil Ekinci Sezonu,42.38
264108,2024-11-24,OĞUZHAN ÇAKIR,TÜMOSAN KONYASPOR,ATAKAŞ HATAYSPOR,1-1,Trendyol Süper Lig Şamil Ekinci Sezonu,45.85
264109,2024-11-23,OZAN ERGÜN,GAZİANTEP FUTBOL KULÜBÜ A.Ş.,RAMS BAŞAKŞEHİR FUTBOL KULÜBÜ,3-0,Trendyol Süper Lig Şamil Ekinci Sezonu,50.76
264111,2024-11-23,MUHAMMET ALİ METOĞLU,SİPAY BODRUM FK,GALATASARAY A.Ş.,0-1,Trendyol Süper Lig Şamil Ekinci Sezonu,52.89
264112,2024-11-30,ATİLLA KARAOĞLAN,ADANA DEMİRSPOR A.Ş.,TÜMOSAN KONYASPOR,0-1,Trendyol Süper Lig Şamil Ekinci Sezonu,64.3
264123,2024-12-08,OZAN ERGÜN,ZECORNER KAYSERİSPOR,CORENDON ALANYASPOR,2-0,Trendyol Süper Lig Şamil Ekinci Sezonu,49.26
264126,2024-12-07,HALİL UMUT MELER,TÜMOSAN KONYASPOR,HESAP.COM ANTALYASPOR,1-1,Trendyol Süper Lig Şamil Ekinci Sezonu,51.01
264127,2024-12-09,DİRENÇ TONUSLUOĞLU,GAZİANTEP FUTBOL KULÜBÜ A.Ş.,ÇAYKUR RİZESPOR A.Ş.,1-0,Trendyol Süper Lig Şamil Ekinci Sezonu,49.36
264130,2024-12-16,OĞUZHAN ÇAKIR,ADANA DEMİRSPOR A.Ş.,BEŞİKTAŞ A.Ş.,2-1,Trendyol Süper Lig Şamil Ekinci Sezonu,45.62
264132,2024-12-14,ALPER AKARSU,ÇAYKUR RİZESPOR A.Ş.,TÜMOSAN KONYASPOR,1-1,Trendyol Süper Lig Şamil Ekinci Sezonu,44.9
264136,2024-12-15,ALİ ŞANSALAN,HESAP.COM ANTALYASPOR,ZECORNER KAYSERİSPOR,2-0,Trendyol Süper Lig Şamil Ekinci Sezonu,45.05
264137,2024-12-15,ATİLLA KARAOĞLAN,ATAKAŞ HATAYSPOR,GÖZTEPE A.Ş.,1-1,Trendyol Süper Lig Şamil Ekinci Sezonu,61.09
264139,2024-12-21,ALİ ŞANSALAN,ÖZBELSAN SİVASSPOR,SAMSUNSPOR A.Ş.,0-0,Trendyol Süper Lig Şamil Ekinci Sezonu,44.87
264140,2024-12-22,OZAN ERGÜN,TRABZONSPOR A.Ş.,SİPAY BODRUM FK,1-0,Trendyol Süper Lig Şamil Ekinci Sezonu,45.1
264141,2024-12-22,MEHMET TÜRKMEN,ZECORNER KAYSERİSPOR,GALATASARAY A.Ş.,1-5,Trendyol Süper Lig Şamil Ekinci Sezonu,39.67
264143,2024-12-21,CİHAN AYDIN,BEŞİKTAŞ A.Ş.,CORENDON ALANYASPOR,1-1,Trendyol Süper Lig Şamil Ekinci Sezonu,40.45
264146,2024-12-22,ZORBAY KÜÇÜK,GÖZTEPE A.Ş.,ÇAYKUR RİZESPOR A.Ş.,3-0,Trendyol Süper Lig Şamil Ekinci Sezonu,50.19
264149,2025-01-05,OĞUZHAN ÇAKIR,FENERBAHÇE A.Ş.,ATAKAŞ HATAYSPOR,2-1,Trendyol Süper Lig Şamil Ekinci Sezonu,44.67
264152,2025-01-04,ALPER AKARSU,GALATASARAY A.Ş.,GÖZTEPE A.Ş.,2-1,Trendyol Süper Lig Şamil Ekinci Sezonu,41.83
264157,2025-01-12,MUHAMMET ALİ METOĞLU,ÖZBELSAN SİVASSPOR,CORENDON ALANYASPOR,1-1,Trendyol Süper Lig Şamil Ekinci Sezonu,56.27
264158,2025-01-12,CİHAN AYDIN,TRABZONSPOR A.Ş.,HESAP.COM ANTALYASPOR,5-0,Trendyol Süper Lig Şamil Ekinci Sezonu,37.83
264159,2025-01-11,ZORBAY KÜÇÜK,ZECORNER KAYSERİSPOR,SAMSUNSPOR A.Ş.,0-1,Trendyol Süper Lig Şamil Ekinci Sezonu,50.98
264161,2025-01-11,MEHMET TÜRKMEN,BEŞİKTAŞ A.Ş.,SİPAY BODRUM FK,2-1,Trendyol Süper Lig Şamil Ekinci Sezonu,37.22
264163,2025-01-12,OZAN ERGÜN,GAZİANTEP FUTBOL KULÜBÜ A.Ş.,ADANA DEMİRSPOR A.Ş.,1-0,Trendyol Süper Lig Şamil Ekinci Sezonu,53.53
264165,2025-01-12,ATİLLA KARAOĞLAN,RAMS BAŞAKŞEHİR FUTBOL KULÜBÜ,GALATASARAY A.Ş.,1-2,Trendyol Süper Lig Şamil Ekinci Sezonu,59.61
264172,2025-01-19,ÇAĞDAŞ ALTAY,GÖZTEPE A.Ş.,HESAP.COM ANTALYASPOR,1-0,Trendyol Süper Lig Şamil Ekinci Sezonu,38.66
264173,2025-01-18,KADİR SAĞLAM,BEŞİKTAŞ A.Ş.,SAMSUNSPOR A.Ş.,0-0,Trendyol Süper Lig Şamil Ekinci Sezonu,56.49
264176,2025-01-27,MUHAMMET ALİ METOĞLU,KASIMPAŞA A.Ş.,ATAKAŞ HATAYSPOR,5-4,Trendyol Süper Lig Şamil Ekinci Sezonu,56.67
264177,2025-01-25,BURAK PAKKAN,ÖZBELSAN SİVASSPOR,ZECORNER KAYSERİSPOR,5-2,Trendyol Süper Lig Şamil Ekinci Sezonu,57.32
264178,2025-01-26,OZAN ERGÜN,SİPAY BODRUM FK,İKAS EYÜPSPOR,0-1,Trendyol Süper Lig Şamil Ekinci Sezonu,48.44
264179,2025-01-26,OĞUZHAN ÇAKIR,HESAP.COM ANTALYASPOR,BEŞİKTAŞ A.Ş.,1-1,Trendyol Süper Lig Şamil Ekinci Sezonu,42.06
264180,2025-01-25,HALİL UMUT MELER,GALATASARAY A.Ş.,TÜMOSAN KONYASPOR,1-0,Trendyol Süper Lig Şamil Ekinci Sezonu,51.92
264182,2025-01-26,ATİLLA KARAOĞLAN,FENERBAHÇE A.Ş.,GÖZTEPE A.Ş.,3-2,Trendyol Süper Lig Şamil Ekinci Sezonu,60.33
264187,2025-02-02,YASİN KOL,ADANA DEMİRSPOR A.Ş.,KASIMPAŞA A.Ş.,3-5,Trendyol Süper Lig Şamil Ekinci Sezonu,62.84
264188,2025-02-03,KADİR SAĞLAM,GAZİANTEP FUTBOL KULÜBÜ A.Ş.,GALATASARAY A.Ş.,0-1,Trendyol Süper Lig Şamil Ekinci Sezonu,61.25
264191,2025-02-01,ÇAĞDAŞ ALTAY,RAMS BAŞAKŞEHİR FUTBOL KULÜBÜ,SAMSUNSPOR A.Ş.,4-0,Trendyol Süper Lig Şamil Ekinci Sezonu,39.03
264192,2025-01-31,ÜMİT ÖZTÜRK,TÜMOSAN KONYASPOR,SİPAY BODRUM FK,3-1,Trendyol Süper Lig Şamil Ekinci Sezonu,43.4
264197,2025-02-08,ALİ ŞANSALAN,ÖZBELSAN SİVASSPOR,BEŞİKTAŞ A.Ş.,0-2,Trendyol Süper Lig Şamil Ekinci Sezonu,45.99
264199,2025-02-07,ALPER AKARSU,SAMSUNSPOR A.Ş.,ATAKAŞ HATAYSPOR,2-0,Trendyol Süper Lig Şamil Ekinci Sezonu,42.92
264201,2025-02-09,ZORBAY KÜÇÜK,HESAP.COM ANTALYASPOR,RAMS BAŞAKŞEHİR FUTBOL KULÜBÜ,0-0,Trendyol Süper Lig Şamil Ekinci Sezonu,48.3
264202,2025-02-15,OZAN ERGÜN,GAZİANTEP FUTBOL KULÜBÜ A.Ş.,ÖZBELSAN SİVASSPOR,2-1,Trendyol Süper Lig Şamil Ekinci Sezonu,52.57
264207,2025-02-16,ADNAN DENİZ KAYATEPE,ATAKAŞ HATAYSPOR,CORENDON ALANYASPOR,1-0,Trendyol Süper Lig Şamil Ekinci Sezonu,56.01
264208,2025-02-14,KADİR SAĞLAM,ADANA DEMİRSPOR A.Ş.,HESAP.COM ANTALYASPOR,1-1,Trendyol Süper Lig Şamil Ekinci Sezonu,58.24
264209,2025-02-16,YASİN KOL,TÜMOSAN KONYASPOR,SAMSUNSPOR A.Ş.,0-1,Trendyol Süper Lig Şamil Ekinci Sezonu,60.07
264213,2025-02-22,HALİL UMUT MELER,SAMSUNSPOR A.Ş.,ÇAYKUR RİZESPOR A.Ş.,2-3,Trendyol Süper Lig Şamil Ekinci Sezonu,50.43
264216,2025-02-22,ZORBAY KÜÇÜK,ÖZBELSAN SİVASSPOR,TÜMOSAN KONYASPOR,1-1,Trendyol Süper Lig Şamil Ekinci Sezonu,52.95
264217,2025-02-23,ATİLLA KARAOĞLAN,TRABZONSPOR A.Ş.,GAZİANTEP FUTBOL KULÜBÜ A.Ş.,3-2,Trendyol Süper Lig Şamil Ekinci Sezonu,64.22
264218,2025-02-23,CİHAN AYDIN,ZECORNER KAYSERİSPOR,GÖZTEPE A.Ş.,1-0,Trendyol Süper Lig Şamil Ekinci Sezonu,41.05
264219,2025-02-21,ALİ ŞANSALAN,SİPAY BODRUM FK,ATAKAŞ HATAYSPOR,1-0,Trendyol Süper Lig Şamil Ekinci Sezonu,44.47
264221,2025-03-03,OZAN ERGÜN,TÜMOSAN KONYASPOR,TRABZONSPOR A.Ş.,1-0,Trendyol Süper Lig Şamil Ekinci Sezonu,47.81
264223,2025-03-03,ALPER AKARSU,GAZİANTEP FUTBOL KULÜBÜ A.Ş.,İKAS EYÜPSPOR,3-1,Trendyol Süper Lig Şamil Ekinci Sezonu,49.8
264226,2025-03-02,MEHMET TÜRKMEN,FENERBAHÇE A.Ş.,HESAP.COM ANTALYASPOR,3-0,Trendyol Süper Lig Şamil Ekinci Sezonu,37.29
264231,2025-03-08,CİHAN AYDIN,HESAP.COM ANTALYASPOR,ÇAYKUR RİZESPOR A.Ş.,2-1,Trendyol Süper Lig Şamil Ekinci Sezonu,39.09
264233,2025-03-09,YASİN KOL,CORENDON ALANYASPOR,GALATASARAY A.Ş.,1-2,Trendyol Süper Lig Şamil Ekinci Sezonu,59.62
264234,2025-03-09,ATİLLA KARAOĞLAN,İKAS EYÜPSPOR,TÜMOSAN KONYASPOR,2-1,Trendyol Süper Lig Şamil Ekinci Sezonu,64.74
264235,2025-03-10,ZORBAY KÜÇÜK,BEŞİKTAŞ A.Ş.,GAZİANTEP FUTBOL KULÜBÜ A.Ş.,1-2,Trendyol Süper Lig Şamil Ekinci Sezonu,54.63
264236,2025-03-09,BURAK PAKKAN,ÖZBELSAN SİVASSPOR,GÖZTEPE A.Ş.,3-1,Trendyol Süper Lig Şamil Ekinci Sezonu,54.96
264238,2025-03-16,ÇAĞDAŞ ALTAY,ATAKAŞ HATAYSPOR,ÖZBELSAN SİVASSPOR,3-2,Trendyol Süper Lig Şamil Ekinci Sezonu,42.92
264239,2025-03-15,MEHMET TÜRKMEN,RAMS BAŞAKŞEHİR FUTBOL KULÜBÜ,TRABZONSPOR A.Ş.,0-3,Trendyol Süper Lig Şamil Ekinci Sezonu,37.07
264242,2025-03-15,ALİ ŞANSALAN,TÜMOSAN KONYASPOR,BEŞİKTAŞ A.Ş.,1-0,Trendyol Süper Lig Şamil Ekinci Sezonu,46.23
264243,2025-03-15,HALİL UMUT MELER,KASIMPAŞA A.Ş.,CORENDON ALANYASPOR,2-1,Trendyol Süper Lig Şamil Ekinci Sezonu,52.38
264244,2025-03-14,OZAN ERGÜN,GALATASARAY A.Ş.,HESAP.COM ANTALYASPOR,4-0,Trendyol Süper Lig Şamil Ekinci Sezonu,45.23
264246,2025-03-16,KADİR SAĞLAM,ÇAYKUR RİZESPOR A.Ş.,SİPAY BODRUM FK,0-2,Trendyol Süper Lig Şamil Ekinci Sezonu,56.72
264248,2025-03-28,ATİLLA KARAOĞLAN,SİPAY BODRUM FK,FENERBAHÇE A.Ş.,2-4,Trendyol Süper Lig Şamil Ekinci Sezonu,59.69
264249,2025-03-28,BATUHAN KOLAK,ZECORNER KAYSERİSPOR,ATAKAŞ HATAYSPOR,5-0,Trendyol Süper Lig Şamil Ekinci Sezonu,47.42
264251,2025-03-29,YASİN KOL,BEŞİKTAŞ A.Ş.,GALATASARAY A.Ş.,2-1,Trendyol Süper Lig Şamil Ekinci Sezonu,59.27
264256,2025-04-05,OĞUZHAN ÇAKIR,ÇAYKUR RİZESPOR A.Ş.,ÖZBELSAN SİVASSPOR,1-1,Trendyol Süper Lig Şamil Ekinci Sezonu,45.11
264257,2025-04-06,MEHMET TÜRKMEN,FENERBAHÇE A.Ş.,TRABZONSPOR A.Ş.,4-1,Trendyol Süper Lig Şamil Ekinci Sezonu,37.94
264260,2025-04-07,KADİR SAĞLAM,KASIMPAŞA A.Ş.,BEŞİKTAŞ A.Ş.,1-1,Trendyol Süper Lig Şamil Ekinci Sezonu,58.54
264261,2025-04-05,ÇAĞDAŞ ALTAY,RAMS BAŞAKŞEHİR FUTBOL KULÜBÜ,TÜMOSAN KONYASPOR,1-0,Trendyol Süper Lig Şamil Ekinci Sezonu,41.51
264262,2025-04-07,ADNAN DENİZ KAYATEPE,GÖZTEPE A.Ş.,GAZİANTEP FUTBOL KULÜBÜ A.Ş.,1-1,Trendyol Süper Lig Şamil Ekinci Sezonu,58.18
264265,2025-04-14,ALPER AKARSU,İKAS EYÜPSPOR,ADANA DEMİRSPOR A.Ş.,6-0,Trendyol Süper Lig Şamil Ekinci Sezonu,47.71
264266,2025-04-13,YASİN KOL,ÖZBELSAN SİVASSPOR,FENERBAHÇE A.Ş.,1-3,Trendyol Süper Lig Şamil Ekinci Sezonu,61.15
264269,2025-04-11,OZAN ERGÜN,SAMSUNSPOR A.Ş.,GALATASARAY A.Ş.,0-2,Trendyol Süper Lig Şamil Ekinci Sezonu,45.58
264273,2025-04-12,CİHAN AYDIN,BEŞİKTAŞ A.Ş.,RAMS BAŞAKŞEHİR FUTBOL KULÜBÜ,0-2,Trendyol Süper Lig Şamil Ekinci Sezonu,39.42
264274,2025-04-19,ALİ ŞANSALAN,KASIMPAŞA A.Ş.,ÖZBELSAN SİVASSPOR,3-1,Trendyol Süper Lig Şamil Ekinci Sezonu,46.92
264275,2025-04-19,ABDULLAH BUĞRA TAŞKINSOY,ADANA DEMİRSPOR A.Ş.,TRABZONSPOR A.Ş.,0-1,Trendyol Süper Lig Şamil Ekinci Sezonu,49.37
264276,2025-04-20,OĞUZHAN ÇAKIR,FENERBAHÇE A.Ş.,ZECORNER KAYSERİSPOR,3-3,Trendyol Süper Lig Şamil Ekinci Sezonu,45.37
264277,2025-04-20,ÜMİT ÖZTÜRK,ÇAYKUR RİZESPOR A.Ş.,İKAS EYÜPSPOR,1-0,Trendyol Süper Lig Şamil Ekinci Sezonu,46.35
264280,2025-04-20,ZORBAY KÜÇÜK,RAMS BAŞAKŞEHİR FUTBOL KULÜBÜ,GAZİANTEP FUTBOL KULÜBÜ A.Ş.,2-1,Trendyol Süper Lig Şamil Ekinci Sezonu,53.95
264281,2025-04-21,ATİLLA KARAOĞLAN,CORENDON ALANYASPOR,SAMSUNSPOR A.Ş.,1-0,Trendyol Süper Lig Şamil Ekinci Sezonu,60.07
264290,2025-04-26,YASİN KOL,SİPAY BODRUM FK,SAMSUNSPOR A.Ş.,1-2,Trendyol Süper Lig Şamil Ekinci Sezonu,57.36
264291,2025-04-28,KADİR SAĞLAM,GÖZTEPE A.Ş.,RAMS BAŞAKŞEHİR FUTBOL KULÜBÜ,4-1,Trendyol Süper Lig Şamil Ekinci Sezonu,56.23
264293,2025-05-05,HALİL UMUT MELER,KASIMPAŞA A.Ş.,TRABZONSPOR A.Ş.,1-1,Trendyol Süper Lig Şamil Ekinci Sezonu,51.22
264294,2025-05-03,ÜMİT ÖZTÜRK,CORENDON ALANYASPOR,ZECORNER KAYSERİSPOR,1-1,Trendyol Süper Lig Şamil Ekinci Sezonu,45.38
264295,2025-05-04,MUHAMMET ALİ METOĞLU,SAMSUNSPOR A.Ş.,İKAS EYÜPSPOR,3-0,Trendyol Süper Lig Şamil Ekinci Sezonu,56.2
264297,2025-05-02,CİHAN AYDIN,HESAP.COM ANTALYASPOR,TÜMOSAN KONYASPOR,1-0,Trendyol Süper Lig Şamil Ekinci Sezonu,40.0
264300,2025-05-03,ALİ YILMAZ,ATAKAŞ HATAYSPOR,RAMS BAŞAKŞEHİR FUTBOL KULÜBÜ,2-4,Trendyol Süper Lig Şamil Ekinci Sezonu,38.16
264303,2025-05-10,OZAN ERGÜN,TÜMOSAN KONYASPOR,ÇAYKUR RİZESPOR A.Ş.,2-1,Trendyol Süper Lig Şamil Ekinci Sezonu,49.07
264306,2025-05-09,KADİR SAĞLAM,GAZİANTEP FUTBOL KULÜBÜ A.Ş.,CORENDON ALANYASPOR,0-1,Trendyol Süper Lig Şamil Ekinci Sezonu,62.15
264310,2025-05-18,HALİL UMUT MELER,SAMSUNSPOR A.Ş.,ÖZBELSAN SİVASSPOR,1-0,Trendyol Süper Lig Şamil Ekinci Sezonu,51.12
264311,2025-05-18,ÇAĞDAŞ ALTAY,SİPAY BODRUM FK,TRABZONSPOR A.Ş.,1-1,Trendyol Süper Lig Şamil Ekinci Sezonu,38.67
264312,2025-05-18,ALİ ŞANSALAN,GALATASARAY A.Ş.,ZECORNER KAYSERİSPOR,3-0,Trendyol Süper Lig Şamil Ekinci Sezonu,45.96
264313,2025-05-18,OZAN ERGÜN,FENERBAHÇE A.Ş.,İKAS EYÜPSPOR,2-1,Trendyol Süper Lig Şamil Ekinci Sezonu,49.97
264318,2025-05-18,ATİLLA KARAOĞLAN,KASIMPAŞA A.Ş.,RAMS BAŞAKŞEHİR FUTBOL KULÜBÜ,2-3,Trendyol Süper Lig Şamil Ekinci Sezonu,61.08
264320,2025-05-26,YİĞİT ARSLAN,ATAKAŞ HATAYSPOR,FENERBAHÇE A.Ş.,4-2,Trendyol Süper Lig Şamil Ekinci Sezonu,56.18
264323,2025-05-24,BATUHAN KOLAK,GÖZTEPE A.Ş.,GALATASARAY A.Ş.,0-2,Trendyol Süper Lig Şamil Ekinci Sezonu,43.55
264327,2025-05-25,KADİR SAĞLAM,ZECORNER KAYSERİSPOR,SİPAY BODRUM FK,1-1,Trendyol Süper Lig Şamil Ekinci Sezonu,57.93
264329,2025-05-30,ALİ YILMAZ,HESAP.COM ANTALYASPOR,TRABZONSPOR A.Ş.,0-2,Trendyol Süper Lig Şamil Ekinci Sezonu,35.61
264332,2025-06-01,CİHAN AYDIN,SİPAY BODRUM FK,BEŞİKTAŞ A.Ş.,0-4,Trendyol Süper Lig Şamil Ekinci Sezonu,38.76
264333,2025-05-31,OĞUZHAN ÇAKIR,FENERBAHÇE A.Ş.,TÜMOSAN KONYASPOR,2-1,Trendyol Süper Lig Şamil Ekinci Sezonu,45.08
264334,2025-05-31,ALPASLAN ŞEN,ADANA DEMİRSPOR A.Ş.,GAZİANTEP FUTBOL KULÜBÜ A.Ş.,2-2,Trendyol Süper Lig Şamil Ekinci Sezonu,54.36
283555,2025-08-09,ALPER AKARSU,HESAP.COM ANTALYASPOR,KASIMPAŞA A.Ş.,2-1,Trendyol Süper Lig Mehmet Ali Yılmaz Sezonu,42.55
283558,2025-09-17,ALİ YILMAZ,MISIRLI.COM.TR FATİH KARAGÜMRÜK,RAMS BAŞAKŞEHİR FUTBOL KULÜBÜ,0-2,Trendyol Süper Lig Mehmet Ali Yılmaz Sezonu,36.76
283561,2025-08-10,MEHMET TÜRKMEN,ÇAYKUR RİZESPOR A.Ş.,GÖZTEPE A.Ş.,0-3,Trendyol Süper Lig Mehmet Ali Yılmaz Sezonu,38.31
283564,2025-08-17,ADNAN DENİZ KAYATEPE,TÜMOSAN KONYASPOR,GAZİANTEP FUTBOL KULÜBÜ A.Ş.,3-0,Trendyol Süper Lig Mehmet Ali Yılmaz Sezonu,60.25
283567,2025-08-17,KADİR SAĞLAM,RAMS BAŞAKŞEHİR FUTBOL KULÜBÜ,ZECORNER KAYSERİSPOR,1-1,Trendyol Süper Lig Mehmet Ali Yılmaz Sezonu,58.59
283569,2025-08-15,OZAN ERGÜN,GALATASARAY A.Ş.,MISIRLI.COM.TR FATİH KARAGÜMRÜK,3-0,Trendyol Süper Lig Mehmet Ali Yılmaz Sezonu,46.26
283576,2025-08-22,BATUHAN KOLAK,MISIRLI.COM.TR FATİH KARAGÜMRÜK,GÖZTEPE A.Ş.,0-2,Trendyol Süper Lig Mehmet Ali Yılmaz Sezonu,43.66
283577,2025-08-23,ATİLLA KARAOĞLAN,GAZİANTEP FUTBOL KULÜBÜ A.Ş.,NATURA DÜNYASI GENÇLERBİRLİĞİ,2-1,Trendyol Süper Lig Mehmet Ali Yılmaz Sezonu,69.37
283579,2025-10-22,ALİ YILMAZ,ÇAYKUR RİZESPOR A.Ş.,RAMS BAŞAKŞEHİR FUTBOL KULÜBÜ,0-0,Trendyol Süper Lig Mehmet Ali Yılmaz Sezonu,37.66
283580,2025-08-24,ALPER AKARSU,ZECORNER KAYSERİSPOR,GALATASARAY A.Ş.,0-4,Trendyol Süper Lig Mehmet Ali Yılmaz Sezonu,44.19
283582,2025-08-30,CİHAN AYDIN,HESAP.COM ANTALYASPOR,MISIRLI.COM.TR FATİH KARAGÜMRÜK,1-2,Trendyol Süper Lig Mehmet Ali Yılmaz Sezonu,38.2
283586,2025-08-29,ALİ ŞANSALAN,GÖZTEPE A.Ş.,TÜMOSAN KONYASPOR,1-1,Trendyol Süper Lig Mehmet Ali Yılmaz Sezonu,45.52
283587,2025-08-30,ALİ YILMAZ,GALATASARAY A.Ş.,ÇAYKUR RİZESPOR A.Ş.,3-1,Trendyol Süper Lig Mehmet Ali Yılmaz Sezonu,37.78
283588,2025-08-31,ÇAĞDAŞ ALTAY,NATURA DÜNYASI GENÇLERBİRLİĞİ,FENERBAHÇE A.Ş.,1-3,Trendyol Süper Lig Mehmet Ali Yılmaz Sezonu,45.36
283589,2025-08-30,YASİN KOL,KOCAELİSPOR,ZECORNER KAYSERİSPOR,1-1,Trendyol Süper Lig Mehmet Ali Yılmaz Sezonu,62.67
283590,2025-09-13,BATUHAN KOLAK,İKAS EYÜPSPOR,GALATASARAY A.Ş.,0-2,Trendyol Süper Lig Mehmet Ali Yılmaz Sezonu,46.78
283592,2025-09-13,ALPER AKARSU,BEŞİKTAŞ A.Ş.,RAMS BAŞAKŞEHİR FUTBOL KULÜBÜ,2-1,Trendyol Süper Lig Mehmet Ali Yılmaz Sezonu,42.4
283595,2025-09-14,YİĞİT ARSLAN,GAZİANTEP FUTBOL KULÜBÜ A.Ş.,KOCAELİSPOR,2-0,Trendyol Süper Lig Mehmet Ali Yılmaz Sezonu,60.41
283596,2025-09-14,OZAN ERGÜN,FENERBAHÇE A.Ş.,TRABZONSPOR A.Ş.,1-0,Trendyol Süper Lig Mehmet Ali Yılmaz Sezonu,46.63
283597,2025-09-15,ZORBAY KÜÇÜK,ÇAYKUR RİZESPOR A.Ş.,NATURA DÜNYASI GENÇLERBİRLİĞİ,1-0,Trendyol Süper Lig Mehmet Ali Yılmaz Sezonu,55.24
283598,2025-09-14,ATİLLA KARAOĞLAN,ZECORNER KAYSERİSPOR,GÖZTEPE A.Ş.,1-1,Trendyol Süper Lig Mehmet Ali Yılmaz Sezonu,61.8
283600,2025-09-20,KADİR SAĞLAM,HESAP.COM ANTALYASPOR,ZECORNER KAYSERİSPOR,1-1,Trendyol Süper Lig Mehmet Ali Yılmaz Sezonu,57.81
283603,2025-09-21,ADNAN DENİZ KAYATEPE,RAMS BAŞAKŞEHİR FUTBOL KULÜBÜ,CORENDON ALANYASPOR,1-1,Trendyol Süper Lig Mehmet Ali Yılmaz Sezonu,54.37
283604,2025-09-19,MEHMET TÜRKMEN,GÖZTEPE A.Ş.,BEŞİKTAŞ A.Ş.,3-0,Trendyol Süper Lig Mehmet Ali Yılmaz Sezonu,37.86
283607,2025-09-21,ÜMİT ÖZTÜRK,KOCAELİSPOR,ÇAYKUR RİZESPOR A.Ş.,1-1,Trendyol Süper Lig Mehmet Ali Yılmaz Sezonu,45.01
283609,2025-09-28,OĞUZHAN ÇAKIR,TÜMOSAN KONYASPOR,RAMS BAŞAKŞEHİR FUTBOL KULÜBÜ,2-1,Trendyol Süper Lig Mehmet Ali Yılmaz Sezonu,44.21
283610,2025-09-29,ALİ ŞANSALAN,BEŞİKTAŞ A.Ş.,KOCAELİSPOR,3-1,Trendyol Süper Lig Mehmet Ali Yılmaz Sezonu,46.05
283613,2025-09-27,BATUHAN KOLAK,GAZİANTEP FUTBOL KULÜBÜ A.Ş.,SAMSUNSPOR A.Ş.,2-2,Trendyol Süper Lig Mehmet Ali Yılmaz Sezonu,47.87
283615,2025-09-28,ÇAĞDAŞ ALTAY,ÇAYKUR RİZESPOR A.Ş.,KASIMPAŞA A.Ş.,1-2,Trendyol Süper Lig Mehmet Ali Yılmaz Sezonu,42.2
283616,2025-09-28,YİĞİT ARSLAN,ZECORNER KAYSERİSPOR,NATURA DÜNYASI GENÇLERBİRLİĞİ,1-1,Trendyol Süper Lig Mehmet Ali Yılmaz Sezonu,61.04
283620,2025-10-05,HALİL UMUT MELER,SAMSUNSPOR A.Ş.,FENERBAHÇE A.Ş.,0-0,Trendyol Süper Lig Mehmet Ali Yılmaz Sezonu,50.17
283622,2025-10-05,CİHAN AYDIN,GÖZTEPE A.Ş.,RAMS BAŞAKŞEHİR FUTBOL KULÜBÜ,1-0,Trendyol Süper Lig Mehmet Ali Yılmaz Sezonu,38.72
283628,2025-10-18,OĞUZHAN ÇAKIR,BEŞİKTAŞ A.Ş.,NATURA DÜNYASI GENÇLERBİRLİĞİ,1-2,Trendyol Süper Lig Mehmet Ali Yılmaz Sezonu,47.87
283630,2025-10-18,ATİLLA KARAOĞLAN,RAMS BAŞAKŞEHİR FUTBOL KULÜBÜ,GALATASARAY A.Ş.,1-2,Trendyol Süper Lig Mehmet Ali Yılmaz Sezonu,59.61
283631,2025-10-19,ERDEM MERTOĞLU,GAZİANTEP FUTBOL KULÜBÜ A.Ş.,HESAP.COM ANTALYASPOR,3-2,Trendyol Süper Lig Mehmet Ali Yılmaz Sezonu,50.81
283638,2025-10-27,CİHAN AYDIN,SAMSUNSPOR A.Ş.,ÇAYKUR RİZESPOR A.Ş.,1-1,Trendyol Süper Lig Mehmet Ali Yılmaz Sezonu,39.43
283640,2025-10-27,ATİLLA KARAOĞLAN,GAZİANTEP FUTBOL KULÜBÜ A.Ş.,FENERBAHÇE A.Ş.,0-4,Trendyol Süper Lig Mehmet Ali Yılmaz Sezonu,65.22
283642,2025-10-26,HALİL UMUT MELER,NATURA DÜNYASI GENÇLERBİRLİĞİ,TÜMOSAN KONYASPOR,1-2,Trendyol Süper Lig Mehmet Ali Yılmaz Sezonu,56.81
283643,2025-10-25,MEHMET TÜRKMEN,KOCAELİSPOR,CORENDON ALANYASPOR,2-0,Trendyol Süper Lig Mehmet Ali Yılmaz Sezonu,40.1
283651,2025-11-03,ÖMER TOLGA GÜLDİBİ,ÇAYKUR RİZESPOR A.Ş.,MISIRLI.COM.TR FATİH KARAGÜMRÜK,1-0,Trendyol Süper Lig Mehmet Ali Yılmaz Sezonu,51.9
283655,2025-11-08,ALİ ŞANSALAN,TRABZONSPOR A.Ş.,CORENDON ALANYASPOR,1-1,Trendyol Süper Lig Mehmet Ali Yılmaz Sezonu,44.4
283658,2025-11-08,OĞUZHAN ÇAKIR,GAZİANTEP FUTBOL KULÜBÜ A.Ş.,ÇAYKUR RİZESPOR A.Ş.,2-2,Trendyol Süper Lig Mehmet Ali Yılmaz Sezonu,48.16
283659,2025-11-09,OZAN ERGÜN,FENERBAHÇE A.Ş.,ZECORNER KAYSERİSPOR,4-2,Trendyol Süper Lig Mehmet Ali Yılmaz Sezonu,49.1
283662,2025-11-22,CİHAN AYDIN,İKAS EYÜPSPOR,MISIRLI.COM.TR FATİH KARAGÜMRÜK,1-1,Trendyol Süper Lig Mehmet Ali Yılmaz Sezonu,42.19
283665,2025-11-23,YİĞİT ARSLAN,CORENDON ALANYASPOR,KASIMPAŞA A.Ş.,1-2,Trendyol Süper Lig Mehmet Ali Yılmaz Sezonu,56.31
283666,2025-11-24,HALİL UMUT MELER,RAMS BAŞAKŞEHİR FUTBOL KULÜBÜ,TRABZONSPOR A.Ş.,3-4,Trendyol Süper Lig Mehmet Ali Yılmaz Sezonu,49.61
283669,2025-11-23,ÇAĞDAŞ ALTAY,ÇAYKUR RİZESPOR A.Ş.,FENERBAHÇE A.Ş.,2-5,Trendyol Süper Lig Mehmet Ali Yılmaz Sezonu,41.47
283671,2025-11-29,ATİLLA KARAOĞLAN,KASIMPAŞA A.Ş.,RAMS BAŞAKŞEHİR FUTBOL KULÜBÜ,1-3,Trendyol Süper Lig Mehmet Ali Yılmaz Sezonu,61.08
283673,2025-11-29,ALPER AKARSU,TRABZONSPOR A.Ş.,TÜMOSAN KONYASPOR,3-1,Trendyol Süper Lig Mehmet Ali Yılmaz Sezonu,43.64
283676,2025-11-29,ÖMER TOLGA GÜLDİBİ,GAZİANTEP FUTBOL KULÜBÜ A.Ş.,İKAS EYÜPSPOR,1-2,Trendyol Süper Lig Mehmet Ali Yılmaz Sezonu,58.61
283677,2025-12-01,YASİN KOL,FENERBAHÇE A.Ş.,GALATASARAY A.Ş.,1-1,Trendyol Süper Lig Mehmet Ali Yılmaz Sezonu,59.46
283678,2025-11-29,CİHAN AYDIN,ÇAYKUR RİZESPOR A.Ş.,ZECORNER KAYSERİSPOR,0-1,Trendyol Süper Lig Mehmet Ali Yılmaz Sezonu,42.21
283681,2025-12-06,ÜMİT ÖZTÜRK,TÜMOSAN KONYASPOR,ÇAYKUR RİZESPOR A.Ş.,1-1,Trendyol Süper Lig Mehmet Ali Yılmaz Sezonu,45.19
283682,2025-12-08,KADİR SAĞLAM,BEŞİKTAŞ A.Ş.,GAZİANTEP FUTBOL KULÜBÜ A.Ş.,2-2,Trendyol Süper Lig Mehmet Ali Yılmaz Sezonu,61.8
283683,2025-12-08,OĞUZHAN ÇAKIR,CORENDON ALANYASPOR,HESAP.COM ANTALYASPOR,0-0,Trendyol Süper Lig Mehmet Ali Yılmaz Sezonu,42.41
283684,2025-12-06,ADNAN DENİZ KAYATEPE,RAMS BAŞAKŞEHİR FUTBOL KULÜBÜ,FENERBAHÇE A.Ş.,1-1,Trendyol Süper Lig Mehmet Ali Yılmaz Sezonu,54.21
283685,2025-12-07,ATİLLA KARAOĞLAN,GÖZTEPE A.Ş.,TRABZONSPOR A.Ş.,1-2,Trendyol Süper Lig Mehmet Ali Yılmaz Sezonu,59.33
283686,2025-12-05,MEHMET TÜRKMEN,GALATASARAY A.Ş.,SAMSUNSPOR A.Ş.,3-2,Trendyol Süper Lig Mehmet Ali Yılmaz Sezonu,36.89
283690,2025-12-13,ALİ YILMAZ,HESAP.COM ANTALYASPOR,GALATASARAY A.Ş.,1-4,Trendyol Süper Lig Mehmet Ali Yılmaz Sezonu,35.87
283692,2025-12-14,OĞUZHAN AKSU,SAMSUNSPOR A.Ş.,RAMS BAŞAKŞEHİR FUTBOL KULÜBÜ,0-2,Trendyol Süper Lig Mehmet Ali Yılmaz Sezonu,46.28
283693,2025-12-14,ÇAĞDAŞ ALTAY,MISIRLI.COM.TR FATİH KARAGÜMRÜK,KOCAELİSPOR,1-1,Trendyol Süper Lig Mehmet Ali Yılmaz Sezonu,41.58
283694,2025-12-14,CİHAN AYDIN,GAZİANTEP FUTBOL KULÜBÜ A.Ş.,GÖZTEPE A.Ş.,0-1,Trendyol Süper Lig Mehmet Ali Yılmaz Sezonu,43.58
283695,2025-12-15,OZAN ERGÜN,FENERBAHÇE A.Ş.,TÜMOSAN KONYASPOR,4-0,Trendyol Süper Lig Mehmet Ali Yılmaz Sezonu,48.81
283704,2025-12-21,ALPER AKARSU,GALATASARAY A.Ş.,KASIMPAŞA A.Ş.,3-0,Trendyol Süper Lig Mehmet Ali Yılmaz Sezonu,43.46
283705,2025-12-22,HALİL UMUT MELER,NATURA DÜNYASI GENÇLERBİRLİĞİ,TRABZONSPOR A.Ş.,4-3,Trendyol Süper Lig Mehmet Ali Yılmaz Sezonu,54.63
283706,2025-12-19,GÜRCAN HASOVA,KOCAELİSPOR,HESAP.COM ANTALYASPOR,2-1,Trendyol Süper Lig Mehmet Ali Yılmaz Sezonu,47.81
283713,2026-01-18,MEHMET TÜRKMEN,CORENDON ALANYASPOR,FENERBAHÇE A.Ş.,2-3,Trendyol Süper Lig Mehmet Ali Yılmaz Sezonu,39.1
283715,2026-01-19,OZAN ERGÜN,BEŞİKTAŞ A.Ş.,ZECORNER KAYSERİSPOR,1-0,Trendyol Süper Lig Mehmet Ali Yılmaz Sezonu,48.91
283716,2026-01-23,ALİ YILMAZ,TRABZONSPOR A.Ş.,KASIMPAŞA A.Ş.,2-1,Trendyol Süper Lig Mehmet Ali Yılmaz Sezonu,38.0
283717,2026-01-25,KADİR SAĞLAM,GAZİANTEP FUTBOL KULÜBÜ A.Ş.,TÜMOSAN KONYASPOR,1-1,Trendyol Süper Lig Mehmet Ali Yılmaz Sezonu,63.17
283719,2026-01-25,HALİL UMUT MELER,ÇAYKUR RİZESPOR A.Ş.,CORENDON ALANYASPOR,1-1,Trendyol Süper Lig Mehmet Ali Yılmaz Sezonu,51.9
283723,2026-01-25,REŞAT ONUR COŞKUNSES,HESAP.COM ANTALYASPOR,NATURA DÜNYASI GENÇLERBİRLİĞİ,2-1,Trendyol Süper Lig Mehmet Ali Yılmaz Sezonu,50.96
283724,2026-01-24,YİĞİT ARSLAN,SAMSUNSPOR A.Ş.,KOCAELİSPOR,0-0,Trendyol Süper Lig Mehmet Ali Yılmaz Sezonu,55.1
283726,2026-01-31,BATUHAN KOLAK,BEŞİKTAŞ A.Ş.,TÜMOSAN KONYASPOR,2-1,Trendyol Süper Lig Mehmet Ali Yılmaz Sezonu,46.17
283728,2026-01-30,ÇAĞDAŞ ALTAY,KASIMPAŞA A.Ş.,SAMSUNSPOR A.Ş.,0-1,Trendyol Süper Lig Mehmet Ali Yılmaz Sezonu,40.63
283729,2026-01-31,ÖMER TOLGA GÜLDİBİ,GÖZTEPE A.Ş.,MISIRLI.COM.TR FATİH KARAGÜMRÜK,2-1,Trendyol Süper Lig Mehmet Ali Yılmaz Sezonu,50.75
283730,2026-02-01,ERDEM MERTOĞLU,NATURA DÜNYASI GENÇLERBİRLİĞİ,GAZİANTEP FUTBOL KULÜBÜ A.Ş.,2-1,Trendyol Süper Lig Mehmet Ali Yılmaz Sezonu,56.61
283731,2026-02-02,ALPER AKARSU,KOCAELİSPOR,FENERBAHÇE A.Ş.,0-2,Trendyol Süper Lig Mehmet Ali Yılmaz Sezonu,44.47
283733,2026-02-01,ADNAN DENİZ KAYATEPE,GALATASARAY A.Ş.,ZECORNER KAYSERİSPOR,4-0,Trendyol Süper Lig Mehmet Ali Yılmaz Sezonu,55.81
283734,2026-02-09,MEHMET TÜRKMEN,GAZİANTEP FUTBOL KULÜBÜ A.Ş.,KASIMPAŞA A.Ş.,2-1,Trendyol Süper Lig Mehmet Ali Yılmaz Sezonu,43.67
283735,2026-02-07,CİHAN AYDIN,MISIRLI.COM.TR FATİH KARAGÜMRÜK,HESAP.COM ANTALYASPOR,1-0,Trendyol Süper Lig Mehmet Ali Yılmaz Sezonu,38.2
283737,2026-02-08,OĞUZHAN ÇAKIR,BEŞİKTAŞ A.Ş.,CORENDON ALANYASPOR,2-2,Trendyol Süper Lig Mehmet Ali Yılmaz Sezonu,43.87
283739,2026-02-08,YASİN KOL,TÜMOSAN KONYASPOR,GÖZTEPE A.Ş.,0-0,Trendyol Süper Lig Mehmet Ali Yılmaz Sezonu,60.49
283740,2026-02-08,OZAN ERGÜN,ÇAYKUR RİZESPOR A.Ş.,GALATASARAY A.Ş.,0-3,Trendyol Süper Lig Mehmet Ali Yılmaz Sezonu,47.15
283742,2026-02-09,KADİR SAĞLAM,ZECORNER KAYSERİSPOR,KOCAELİSPOR,1-2,Trendyol Süper Lig Mehmet Ali Yılmaz Sezonu,60.46
283743,2026-02-13,ÇAĞDAŞ ALTAY,GALATASARAY A.Ş.,İKAS EYÜPSPOR,5-1,Trendyol Süper Lig Mehmet Ali Yılmaz Sezonu,42.8
283746,2026-02-13,ADNAN DENİZ KAYATEPE,HESAP.COM ANTALYASPOR,SAMSUNSPOR A.Ş.,3-1,Trendyol Süper Lig Mehmet Ali Yılmaz Sezonu,52.12
283747,2026-02-16,BATUHAN KOLAK,KASIMPAŞA A.Ş.,MISIRLI.COM.TR FATİH KARAGÜMRÜK,3-2,Trendyol Süper Lig Mehmet Ali Yılmaz Sezonu,45.29
283748,2026-02-15,FATİH TOKAİL,KOCAELİSPOR,GAZİANTEP FUTBOL KULÜBÜ A.Ş.,3-0,Trendyol Süper Lig Mehmet Ali Yılmaz Sezonu,53.46
283750,2026-02-14,ÖMER TOLGA GÜLDİBİ,NATURA DÜNYASI GENÇLERBİRLİĞİ,ÇAYKUR RİZESPOR A.Ş.,2-2,Trendyol Süper Lig Mehmet Ali Yılmaz Sezonu,56.68
283751,2026-02-15,ALPER AKARSU,GÖZTEPE A.Ş.,ZECORNER KAYSERİSPOR,0-0,Trendyol Süper Lig Mehmet Ali Yılmaz Sezonu,44.04
283752,2026-02-23,YASİN KOL,FENERBAHÇE A.Ş.,KASIMPAŞA A.Ş.,1-1,Trendyol Süper Lig Mehmet Ali Yılmaz Sezonu (Profesyonel Takım),60.94
283753,2026-02-22,HALİL UMUT MELER,ZECORNER KAYSERİSPOR,HESAP.COM ANTALYASPOR,1-0,Trendyol Süper Lig Mehmet Ali Yılmaz Sezonu (Profesyonel Takım),51.3
283754,2026-02-22,ÇAĞDAŞ ALTAY,GAZİANTEP FUTBOL KULÜBÜ A.Ş.,TRABZONSPOR A.Ş.,1-2,Trendyol Süper Lig Mehmet Ali Yılmaz Sezonu (Profesyonel Takım),44.2
283755,2026-02-22,OĞUZHAN ÇAKIR,MISIRLI.COM.TR FATİH KARAGÜMRÜK,SAMSUNSPOR A.Ş.,0-0,Trendyol Süper Lig Mehmet Ali Yılmaz Sezonu (Profesyonel Takım),41.96
283756,2026-02-21,KADİR SAĞLAM,CORENDON ALANYASPOR,RAMS BAŞAKŞEHİR FUTBOL KULÜBÜ,1-2,Trendyol Süper Lig Mehmet Ali Yılmaz Sezonu (Profesyonel Takım),57.28
283757,2026-02-22,OZAN ERGÜN,BEŞİKTAŞ A.Ş.,GÖZTEPE A.Ş.,4-0,Trendyol Süper Lig Mehmet Ali Yılmaz Sezonu (Profesyonel Takım),46.55
283758,2026-02-21,ATİLLA KARAOĞLAN,TÜMOSAN KONYASPOR,GALATASARAY A.Ş.,2-0,Trendyol Süper Lig Mehmet Ali Yılmaz Sezonu (Profesyonel Takım),61.66
283759,2026-02-21,ÖMER FARUK TURTAY,İKAS EYÜPSPOR,NATURA DÜNYASI GENÇLERBİRLİĞİ,1-0,Trendyol Süper Lig Mehmet Ali Yılmaz Sezonu (Profesyonel Takım),54.95
283760,2026-02-20,MEHMET TÜRKMEN,ÇAYKUR RİZESPOR A.Ş.,KOCAELİSPOR,2-0,Trendyol Süper Lig Mehmet Ali Yılmaz Sezonu (Profesyonel Takım),40.2
283761,2026-02-28,BATUHAN KOLAK,GÖZTEPE A.Ş.,İKAS EYÜPSPOR,0-0,Trendyol Süper Lig Mehmet Ali Yılmaz Sezonu (Profesyonel Takım),46.63
283762,2026-02-27,OĞUZHAN AKSU,RAMS BAŞAKŞEHİR FUTBOL KULÜBÜ,TÜMOSAN KONYASPOR,2-0,Trendyol Süper Lig Mehmet Ali Yılmaz Sezonu (Profesyonel Takım),48.77
283763,2026-02-28,CİHAN AYDIN,KOCAELİSPOR,BEŞİKTAŞ A.Ş.,0-1,Trendyol Süper Lig Mehmet Ali Yılmaz Sezonu (Profesyonel Takım),41.29
283765,2026-02-27,ALİ YILMAZ,TRABZONSPOR A.Ş.,MISIRLI.COM.TR FATİH KARAGÜMRÜK,3-1,Trendyol Süper Lig Mehmet Ali Yılmaz Sezonu (Profesyonel Takım),36.63
283766,2026-03-01,MEHMET TÜRKMEN,SAMSUNSPOR A.Ş.,GAZİANTEP FUTBOL KULÜBÜ A.Ş.,,Trendyol Süper Lig Mehmet Ali Yılmaz Sezonu (Profesyonel Takım),41.63
283767,2026-03-01,ALPER AKARSU,HESAP.COM ANTALYASPOR,FENERBAHÇE A.Ş.,2-2,Trendyol Süper Lig Mehmet Ali Yılmaz Sezonu (Profesyonel Takım),41.81
283768,2026-02-28,ADNAN DENİZ KAYATEPE,KASIMPAŞA A.Ş.,ÇAYKUR RİZESPOR A.Ş.,0-3,Trendyol Süper Lig Mehmet Ali Yılmaz Sezonu (Profesyonel Takım),56.07
283769,2026-03-01,ÜMİT ÖZTÜRK,NATURA DÜNYASI GENÇLERBİRLİĞİ,ZECORNER KAYSERİSPOR,0-0,Trendyol Süper Lig Mehmet Ali Yılmaz Sezonu (Profesyonel Takım),49.37
